moneyness,maturity,fitted_vol
0.652104,0.0794521,0.388726
0.652104,0.0828627,0.387999
0.652104,0.0862734,0.387166
0.652104,0.0896841,0.386212
0.652104,0.0930948,0.385126
0.652104,0.0965055,0.383895
0.652104,0.0999161,0.382511
0.652104,0.103327,0.380965
0.652104,0.106737,0.379257
0.652104,0.110148,0.377391
0.652104,0.113559,0.375379
0.652104,0.11697,0.373242
0.652104,0.12038,0.371009
0.652104,0.123791,0.368716
0.652104,0.127202,0.366405
0.652104,0.130612,0.364122
0.652104,0.134023,0.36191
0.652104,0.137434,0.359807
0.652104,0.140844,0.357847
0.652104,0.144255,0.356051
0.652104,0.147666,0.354435
0.652104,0.151076,0.353002
0.652104,0.154487,0.35175
0.652104,0.157898,0.350669
0.652104,0.161308,0.349747
0.652104,0.164719,0.348967
0.652104,0.16813,0.348313
0.652104,0.17154,0.347769
0.652104,0.174951,0.34732
0.652104,0.178362,0.34695
0.652104,0.181772,0.346646
0.652104,0.185183,0.346399
0.652104,0.188594,0.346197
0.652104,0.192004,0.346034
0.652104,0.195415,0.345901
0.652104,0.198826,0.345794
0.652104,0.202237,0.345707
0.652104,0.205647,0.345638
0.652104,0.209058,0.345581
0.652104,0.212469,0.345536
0.652104,0.215879,0.345499
0.652104,0.21929,0.34547
0.652104,0.222701,0.345446
0.652104,0.226111,0.345427
0.652104,0.229522,0.345411
0.652104,0.232933,0.345398
0.652104,0.236343,0.345388
0.652104,0.239754,0.34538
0.652104,0.243165,0.345374
0.652104,0.246575,0.345368
0.669848,0.0794521,0.388146
0.669848,0.0828627,0.387531
0.669848,0.0862734,0.386829
0.669848,0.0896841,0.386028
0.669848,0.0930948,0.385117
0.669848,0.0965055,0.384084
0.669848,0.0999161,0.382917
0.669848,0.103327,0.381607
0.669848,0.106737,0.380145
0.669848,0.110148,0.378529
0.669848,0.113559,0.376759
0.669848,0.11697,0.374841
0.669848,0.12038,0.372791
0.669848,0.123791,0.37063
0.669848,0.127202,0.368388
0.669848,0.130612,0.3661
0.669848,0.134023,0.363809
0.669848,0.137434,0.361554
0.669848,0.140844,0.359377
0.669848,0.144255,0.357312
0.669848,0.147666,0.35539
0.669848,0.151076,0.353631
0.669848,0.154487,0.352046
0.669848,0.157898,0.350639
0.669848,0.161308,0.349407
0.669848,0.164719,0.34834
0.669848,0.16813,0.347427
0.669848,0.17154,0.346652
0.669848,0.174951,0.346
0.669848,0.178362,0.345455
0.669848,0.181772,0.345001
0.669848,0.185183,0.344627
0.669848,0.188594,0.344318
0.669848,0.192004,0.344064
0.669848,0.195415,0.343857
0.669848,0.198826,0.343687
0.669848,0.202237,0.343549
0.669848,0.205647,0.343436
0.669848,0.209058,0.343344
0.669848,0.212469,0.343269
0.669848,0.215879,0.343208
0.669848,0.21929,0.343158
0.669848,0.222701,0.343118
0.669848,0.226111,0.343085
0.669848,0.229522,0.343058
0.669848,0.232933,0.343036
0.669848,0.236343,0.343018
0.669848,0.239754,0.343003
0.669848,0.243165,0.342991
0.669848,0.246575,0.342981
0.687593,0.0794521,0.387129
0.687593,0.0828627,0.386591
0.687593,0.0862734,0.385981
0.687593,0.0896841,0.385288
0.687593,0.0930948,0.384503
0.687593,0.0965055,0.383616
0.687593,0.0999161,0.382615
0.687593,0.103327,0.381491
0.687593,0.106737,0.380235
0.687593,0.110148,0.378838
0.687593,0.113559,0.377297
0.687593,0.11697,0.37561
0.687593,0.12038,0.373781
0.687593,0.123791,0.371821
0.687593,0.127202,0.369746
0.687593,0.130612,0.36758
0.687593,0.134023,0.365352
0.687593,0.137434,0.363099
0.687593,0.140844,0.360856
0.687593,0.144255,0.358664
0.687593,0.147666,0.356557
0.687593,0.151076,0.354568
0.687593,0.154487,0.35272
0.687593,0.157898,0.351031
0.687593,0.161308,0.34951
0.687593,0.164719,0.34816
0.687593,0.16813,0.346975
0.687593,0.17154,0.345948
0.687593,0.174951,0.345066
0.687593,0.178362,0.344315
0.687593,0.181772,0.343681
0.687593,0.185183,0.343149
0.687593,0.188594,0.342704
0.687593,0.192004,0.342335
0.687593,0.195415,0.342029
0.687593,0.198826,0.341777
0.687593,0.202237,0.341569
0.687593,0.205647,0.341398
0.687593,0.209058,0.341257
0.687593,0.212469,0.341142
0.687593,0.215879,0.341048
0.687593,0.21929,0.34097
0.687593,0.222701,0.340906
0.687593,0.226111,0.340854
0.687593,0.229522,0.340811
0.687593,0.232933,0.340775
0.687593,0.236343,0.340746
0.687593,0.239754,0.340722
0.687593,0.243165,0.340702
0.687593,0.246575,0.340685
0.705337,0.0794521,0.385615
0.705337,0.0828627,0.385127
0.705337,0.0862734,0.384576
0.705337,0.0896841,0.383955
0.705337,0.0930948,0.383254
0.705337,0.0965055,0.382467
0.705337,0.0999161,0.381583
0.705337,0.103327,0.380593
0.705337,0.106737,0.379489
0.705337,0.110148,0.378262
0.705337,0.113559,0.376907
0.705337,0.11697,0.375418
0.705337,0.12038,0.373795
0.705337,0.123791,0.372039
0.705337,0.127202,0.37016
0.705337,0.130612,0.36817
0.705337,0.134023,0.366088
0.705337,0.137434,0.36394
0.705337,0.140844,0.361754
0.705337,0.144255,0.359564
0.705337,0.147666,0.357405
0.705337,0.151076,0.355309
0.705337,0.154487,0.353308
0.705337,0.157898,0.351428
0.705337,0.161308,0.349689
0.705337,0.164719,0.348103
0.705337,0.16813,0.346677
0.705337,0.17154,0.345411
0.705337,0.174951,0.3443
0.705337,0.178362,0.343335
0.705337,0.181772,0.342504
0.705337,0.185183,0.341796
0.705337,0.188594,0.341195
0.705337,0.192004,0.340689
0.705337,0.195415,0.340265
0.705337,0.198826,0.339911
0.705337,0.202237,0.339617
0.705337,0.205647,0.339373
0.705337,0.209058,0.33917
0.705337,0.212469,0.339003
0.705337,0.215879,0.338865
0.705337,0.21929,0.338751
0.705337,0.222701,0.338657
0.705337,0.226111,0.33858
0.705337,0.229522,0.338516
0.705337,0.232933,0.338463
0.705337,0.236343,0.338419
0.705337,0.239754,0.338382
0.705337,0.243165,0.338352
0.705337,0.246575,0.338326
0.723081,0.0794521,0.38349
0.723081,0.0828627,0.383027
0.723081,0.0862734,0.382508
0.723081,0.0896841,0.381926
0.723081,0.0930948,0.381274
0.723081,0.0965055,0.380546
0.723081,0.0999161,0.379732
0.723081,0.103327,0.378827
0.723081,0.106737,0.377822
0.723081,0.110148,0.37671
0.723081,0.113559,0.375484
0.723081,0.11697,0.37414
0.723081,0.12038,0.372675
0.723081,0.123791,0.371088
0.723081,0.127202,0.369382
0.723081,0.130612,0.367564
0.723081,0.134023,0.365645
0.723081,0.137434,0.363643
0.723081,0.140844,0.361578
0.723081,0.144255,0.359475
0.723081,0.147666,0.357363
0.723081,0.151076,0.355271
0.723081,0.154487,0.35323
0.723081,0.157898,0.351267
0.723081,0.161308,0.349408
0.723081,0.164719,0.347671
0.723081,0.16813,0.346072
0.723081,0.17154,0.344619
0.723081,0.174951,0.343316
0.723081,0.178362,0.34216
0.723081,0.181772,0.341145
0.723081,0.185183,0.340264
0.723081,0.188594,0.339503
0.723081,0.192004,0.338853
0.723081,0.195415,0.338301
0.723081,0.198826,0.337833
0.723081,0.202237,0.337441
0.723081,0.205647,0.337111
0.723081,0.209058,0.336837
0.723081,0.212469,0.336608
0.723081,0.215879,0.336417
0.723081,0.21929,0.336259
0.723081,0.222701,0.336128
0.723081,0.226111,0.336019
0.723081,0.229522,0.335929
0.723081,0.232933,0.335854
0.723081,0.236343,0.335791
0.723081,0.239754,0.33574
0.723081,0.243165,0.335696
0.723081,0.246575,0.33566
0.740826,0.0794521,0.380584
0.740826,0.0828627,0.380124
0.740826,0.0862734,0.379611
0.740826,0.0896841,0.37904
0.740826,0.0930948,0.378404
0.740826,0.0965055,0.377698
0.740826,0.0999161,0.376914
0.740826,0.103327,0.376047
0.740826,0.106737,0.375091
0.740826,0.110148,0.374039
0.740826,0.113559,0.372886
0.740826,0.11697,0.371628
0.740826,0.12038,0.370262
0.740826,0.123791,0.368787
0.740826,0.127202,0.367204
0.740826,0.130612,0.365518
0.740826,0.134023,0.363736
0.740826,0.137434,0.36187
0.740826,0.140844,0.359934
0.740826,0.144255,0.357947
0.740826,0.147666,0.355931
0.740826,0.151076,0.353911
0.740826,0.154487,0.351911
0.740826,0.157898,0.349957
0.740826,0.161308,0.348073
0.740826,0.164719,0.34628
0.740826,0.16813,0.344597
0.740826,0.17154,0.343037
0.740826,0.174951,0.341609
0.740826,0.178362,0.340316
0.740826,0.181772,0.339159
0.740826,0.185183,0.338135
0.740826,0.188594,0.337236
0.740826,0.192004,0.336454
0.740826,0.195415,0.335778
0.740826,0.198826,0.335199
0.740826,0.202237,0.334705
0.740826,0.205647,0.334287
0.740826,0.209058,0.333933
0.740826,0.212469,0.333635
0.740826,0.215879,0.333385
0.740826,0.21929,0.333176
0.740826,0.222701,0.333001
0.740826,0.226111,0.332856
0.740826,0.229522,0.332734
0.740826,0.232933,0.332632
0.740826,0.236343,0.332548
0.740826,0.239754,0.332477
0.740826,0.243165,0.332418
0.740826,0.246575,0.332368
0.75857,0.0794521,0.376687
0.75857,0.0828627,0.376211
0.75857,0.0862734,0.375682
0.75857,0.0896841,0.375096
0.75857,0.0930948,0.374447
0.75857,0.0965055,0.373731
0.75857,0.0999161,0.372942
0.75857,0.103327,0.372074
0.75857,0.106737,0.371124
0.75857,0.110148,0.370085
0.75857,0.113559,0.368955
0.75857,0.11697,0.36773
0.75857,0.12038,0.366408
0.75857,0.123791,0.36499
0.75857,0.127202,0.363476
0.75857,0.130612,0.361872
0.75857,0.134023,0.360182
0.75857,0.137434,0.358417
0.75857,0.140844,0.356588
0.75857,0.144255,0.35471
0.75857,0.147666,0.3528
0.75857,0.151076,0.350877
0.75857,0.154487,0.348962
0.75857,0.157898,0.347076
0.75857,0.161308,0.345239
0.75857,0.164719,0.343471
0.75857,0.16813,0.341788
0.75857,0.17154,0.340204
0.75857,0.174951,0.338731
0.75857,0.178362,0.337376
0.75857,0.181772,0.336142
0.75857,0.185183,0.33503
0.75857,0.188594,0.334036
0.75857,0.192004,0.333156
0.75857,0.195415,0.332383
0.75857,0.198826,0.331709
0.75857,0.202237,0.331125
0.75857,0.205647,0.330622
0.75857,0.209058,0.33019
0.75857,0.212469,0.329822
0.75857,0.215879,0.329509
0.75857,0.21929,0.329243
0.75857,0.222701,0.329018
0.75857,0.226111,0.328828
0.75857,0.229522,0.328668
0.75857,0.232933,0.328533
0.75857,0.236343,0.328419
0.75857,0.239754,0.328323
0.75857,0.243165,0.328242
0.75857,0.246575,0.328174
0.776314,0.0794521,0.371593
0.776314,0.0828627,0.371085
0.776314,0.0862734,0.370524
0.776314,0.0896841,0.369904
0.776314,0.0930948,0.369223
0.776314,0.0965055,0.368474
0.776314,0.0999161,0.367655
0.776314,0.103327,0.36676
0.776314,0.106737,0.365786
0.776314,0.110148,0.364731
0.776314,0.113559,0.363591
0.776314,0.11697,0.362364
0.776314,0.12038,0.361052
0.776314,0.123791,0.359655
0.776314,0.127202,0.358176
0.776314,0.130612,0.35662
0.776314,0.134023,0.354993
0.776314,0.137434,0.353304
0.776314,0.140844,0.351565
0.776314,0.144255,0.349786
0.776314,0.147666,0.347984
0.776314,0.151076,0.346173
0.776314,0.154487,0.344371
0.776314,0.157898,0.342592
0.776314,0.161308,0.340855
0.776314,0.164719,0.339174
0.776314,0.16813,0.337562
0.776314,0.17154,0.336033
0.776314,0.174951,0.334596
0.776314,0.178362,0.333257
0.776314,0.181772,0.332021
0.776314,0.185183,0.330891
0.776314,0.188594,0.329864
0.776314,0.192004,0.32894
0.776314,0.195415,0.328114
0.776314,0.198826,0.32738
0.776314,0.202237,0.326732
0.776314,0.205647,0.326163
0.776314,0.209058,0.325665
0.776314,0.212469,0.325233
0.776314,0.215879,0.324857
0.776314,0.21929,0.324533
0.776314,0.222701,0.324253
0.776314,0.226111,0.324012
0.776314,0.229522,0.323804
0.776314,0.232933,0.323626
0.776314,0.236343,0.323473
0.776314,0.239754,0.323342
0.776314,0.243165,0.323229
0.776314,0.246575,0.323132
0.794058,0.0794521,0.365181
0.794058,0.0828627,0.364636
0.794058,0.0862734,0.364037
0.794058,0.0896841,0.36338
0.794058,0.0930948,0.36266
0.794058,0.0965055,0.361875
0.794058,0.0999161,0.361021
0.794058,0.103327,0.360095
0.794058,0.106737,0.359095
0.794058,0.110148,0.358019
0.794058,0.113559,0.356866
0.794058,0.11697,0.355638
0.794058,0.12038,0.354334
0.794058,0.123791,0.35296
0.794058,0.127202,0.351518
0.794058,0.130612,0.350015
0.794058,0.134023,0.348458
0.794058,0.137434,0.346856
0.794058,0.140844,0.34522
0.794058,0.144255,0.343561
0.794058,0.147666,0.34189
0.794058,0.151076,0.340222
0.794058,0.154487,0.338569
0.794058,0.157898,0.336944
0.794058,0.161308,0.335359
0.794058,0.164719,0.333825
0.794058,0.16813,0.332353
0.794058,0.17154,0.33095
0.794058,0.174951,0.329624
0.794058,0.178362,0.328379
0.794058,0.181772,0.327219
0.794058,0.185183,0.326146
0.794058,0.188594,0.325159
0.794058,0.192004,0.324256
0.794058,0.195415,0.323436
0.794058,0.198826,0.322695
0.794058,0.202237,0.322027
0.794058,0.205647,0.321429
0.794058,0.209058,0.320895
0.794058,0.212469,0.320421
0.794058,0.215879,0.319999
0.794058,0.21929,0.319627
0.794058,0.222701,0.319297
0.794058,0.226111,0.319007
0.794058,0.229522,0.318751
0.794058,0.232933,0.318526
0.794058,0.236343,0.318329
0.794058,0.239754,0.318155
0.794058,0.243165,0.318002
0.794058,0.246575,0.317867
0.811803,0.0794521,0.357528
0.811803,0.0828627,0.356959
0.811803,0.0862734,0.356336
0.811803,0.0896841,0.355656
0.811803,0.0930948,0.354917
0.811803,0.0965055,0.354115
0.811803,0.0999161,0.353249
0.811803,0.103327,0.352317
0.811803,0.106737,0.351318
0.811803,0.110148,0.350252
0.811803,0.113559,0.349121
0.811803,0.11697,0.347925
0.811803,0.12038,0.34667
0.811803,0.123791,0.345358
0.811803,0.127202,0.343996
0.811803,0.130612,0.342591
0.811803,0.134023,0.34115
0.811803,0.137434,0.339682
0.811803,0.140844,0.338197
0.811803,0.144255,0.336705
0.811803,0.147666,0.335217
0.811803,0.151076,0.333741
0.811803,0.154487,0.332289
0.811803,0.157898,0.330869
0.811803,0.161308,0.329491
0.811803,0.164719,0.328161
0.811803,0.16813,0.326885
0.811803,0.17154,0.32567
0.811803,0.174951,0.324518
0.811803,0.178362,0.323433
0.811803,0.181772,0.322415
0.811803,0.185183,0.321465
0.811803,0.188594,0.320583
0.811803,0.192004,0.319767
0.811803,0.195415,0.319015
0.811803,0.198826,0.318325
0.811803,0.202237,0.317693
0.811803,0.205647,0.317116
0.811803,0.209058,0.316591
0.811803,0.212469,0.316114
0.811803,0.215879,0.315681
0.811803,0.21929,0.31529
0.811803,0.222701,0.314937
0.811803,0.226111,0.314618
0.811803,0.229522,0.31433
0.811803,0.232933,0.314071
0.811803,0.236343,0.313839
0.811803,0.239754,0.313629
0.811803,0.243165,0.313441
0.811803,0.246575,0.313273
0.829547,0.0794521,0.348998
0.829547,0.0828627,0.348435
0.829547,0.0862734,0.347822
0.829547,0.0896841,0.347156
0.829547,0.0930948,0.346437
0.829547,0.0965055,0.345662
0.829547,0.0999161,0.34483
0.829547,0.103327,0.343941
0.829547,0.106737,0.342997
0.829547,0.110148,0.341997
0.829547,0.113559,0.340945
0.829547,0.11697,0.339844
0.829547,0.12038,0.338698
0.829547,0.123791,0.337513
0.829547,0.127202,0.336294
0.829547,0.130612,0.335049
0.829547,0.134023,0.333784
0.829547,0.137434,0.332509
0.829547,0.140844,0.331231
0.829547,0.144255,0.329959
0.829547,0.147666,0.3287
0.829547,0.151076,0.327462
0.829547,0.154487,0.326252
0.829547,0.157898,0.325077
0.829547,0.161308,0.323941
0.829547,0.164719,0.322849
0.829547,0.16813,0.321804
0.829547,0.17154,0.32081
0.829547,0.174951,0.319867
0.829547,0.178362,0.318975
0.829547,0.181772,0.318137
0.829547,0.185183,0.317349
0.829547,0.188594,0.316612
0.829547,0.192004,0.315924
0.829547,0.195415,0.315283
0.829547,0.198826,0.314687
0.829547,0.202237,0.314133
0.829547,0.205647,0.31362
0.829547,0.209058,0.313145
0.829547,0.212469,0.312706
0.829547,0.215879,0.312301
0.829547,0.21929,0.311927
0.829547,0.222701,0.311583
0.829547,0.226111,0.311266
0.829547,0.229522,0.310976
0.829547,0.232933,0.310709
0.829547,0.236343,0.310465
0.829547,0.239754,0.310241
0.829547,0.243165,0.310037
0.829547,0.246575,0.30985
0.847291,0.0794521,0.340208
0.847291,0.0828627,0.339691
0.847291,0.0862734,0.33913
0.847291,0.0896841,0.338525
0.847291,0.0930948,0.337874
0.847291,0.0965055,0.337177
0.847291,0.0999161,0.336433
0.847291,0.103327,0.335645
0.847291,0.106737,0.334812
0.847291,0.110148,0.333938
0.847291,0.113559,0.333025
0.847291,0.11697,0.332076
0.847291,0.12038,0.331098
0.847291,0.123791,0.330094
0.847291,0.127202,0.329071
0.847291,0.130612,0.328035
0.847291,0.134023,0.326991
0.847291,0.137434,0.325948
0.847291,0.140844,0.32491
0.847291,0.144255,0.323885
0.847291,0.147666,0.322878
0.847291,0.151076,0.321894
0.847291,0.154487,0.320939
0.847291,0.157898,0.320015
0.847291,0.161308,0.319125
0.847291,0.164719,0.318273
0.847291,0.16813,0.317459
0.847291,0.17154,0.316684
0.847291,0.174951,0.315949
0.847291,0.178362,0.315253
0.847291,0.181772,0.314596
0.847291,0.185183,0.313975
0.847291,0.188594,0.313391
0.847291,0.192004,0.312841
0.847291,0.195415,0.312324
0.847291,0.198826,0.311837
0.847291,0.202237,0.311381
0.847291,0.205647,0.310952
0.847291,0.209058,0.310549
0.847291,0.212469,0.310171
0.847291,0.215879,0.309818
0.847291,0.21929,0.309486
0.847291,0.222701,0.309177
0.847291,0.226111,0.308887
0.847291,0.229522,0.308617
0.847291,0.232933,0.308366
0.847291,0.236343,0.308132
0.847291,0.239754,0.307916
0.847291,0.243165,0.307715
0.847291,0.246575,0.307529
0.865036,0.0794521,0.331853
0.865036,0.0828627,0.331415
0.865036,0.0862734,0.330943
0.865036,0.0896841,0.330435
0.865036,0.0930948,0.329892
0.865036,0.0965055,0.329313
0.865036,0.0999161,0.328699
0.865036,0.103327,0.328051
0.865036,0.106737,0.32737
0.865036,0.110148,0.32666
0.865036,0.113559,0.325923
0.865036,0.11697,0.325162
0.865036,0.12038,0.324382
0.865036,0.123791,0.323588
0.865036,0.127202,0.322783
0.865036,0.130612,0.321973
0.865036,0.134023,0.321162
0.865036,0.137434,0.320357
0.865036,0.140844,0.319561
0.865036,0.144255,0.318778
0.865036,0.147666,0.318014
0.865036,0.151076,0.31727
0.865036,0.154487,0.31655
0.865036,0.157898,0.315856
0.865036,0.161308,0.31519
0.865036,0.164719,0.314552
0.865036,0.16813,0.313944
0.865036,0.17154,0.313364
0.865036,0.174951,0.312813
0.865036,0.178362,0.312289
0.865036,0.181772,0.311793
0.865036,0.185183,0.311321
0.865036,0.188594,0.310875
0.865036,0.192004,0.310451
0.865036,0.195415,0.310049
0.865036,0.198826,0.309667
0.865036,0.202237,0.309305
0.865036,0.205647,0.308961
0.865036,0.209058,0.308634
0.865036,0.212469,0.308323
0.865036,0.215879,0.308028
0.865036,0.21929,0.307749
0.865036,0.222701,0.307484
0.865036,0.226111,0.307233
0.865036,0.229522,0.306997
0.865036,0.232933,0.306774
0.865036,0.236343,0.306564
0.865036,0.239754,0.306367
0.865036,0.243165,0.306183
0.865036,0.246575,0.306011
0.88278,0.0794521,0.324484
0.88278,0.0828627,0.324145
0.88278,0.0862734,0.323781
0.88278,0.0896841,0.32339
0.88278,0.0930948,0.322973
0.88278,0.0965055,0.32253
0.88278,0.0999161,0.322062
0.88278,0.103327,0.32157
0.88278,0.106737,0.321056
0.88278,0.110148,0.320521
0.88278,0.113559,0.319969
0.88278,0.11697,0.319401
0.88278,0.12038,0.318821
0.88278,0.123791,0.318233
0.88278,0.127202,0.31764
0.88278,0.130612,0.317045
0.88278,0.134023,0.316453
0.88278,0.137434,0.315866
0.88278,0.140844,0.315288
0.88278,0.144255,0.314722
0.88278,0.147666,0.31417
0.88278,0.151076,0.313635
0.88278,0.154487,0.313117
0.88278,0.157898,0.312618
0.88278,0.161308,0.312139
0.88278,0.164719,0.31168
0.88278,0.16813,0.311242
0.88278,0.17154,0.310823
0.88278,0.174951,0.310423
0.88278,0.178362,0.310042
0.88278,0.181772,0.309678
0.88278,0.185183,0.309331
0.88278,0.188594,0.308999
0.88278,0.192004,0.308681
0.88278,0.195415,0.308377
0.88278,0.198826,0.308086
0.88278,0.202237,0.307806
0.88278,0.205647,0.307537
0.88278,0.209058,0.307279
0.88278,0.212469,0.307032
0.88278,0.215879,0.306794
0.88278,0.21929,0.306566
0.88278,0.222701,0.306347
0.88278,0.226111,0.306138
0.88278,0.229522,0.305939
0.88278,0.232933,0.305749
0.88278,0.236343,0.305569
0.88278,0.239754,0.305399
0.88278,0.243165,0.305238
0.88278,0.246575,0.305087
0.900524,0.0794521,0.31842
0.900524,0.0828627,0.318183
0.900524,0.0862734,0.317927
0.900524,0.0896841,0.317654
0.900524,0.0930948,0.317364
0.900524,0.0965055,0.317055
0.900524,0.0999161,0.31673
0.900524,0.103327,0.316389
0.900524,0.106737,0.316034
0.900524,0.110148,0.315665
0.900524,0.113559,0.315285
0.900524,0.11697,0.314895
0.900524,0.12038,0.314498
0.900524,0.123791,0.314096
0.900524,0.127202,0.313691
0.900524,0.130612,0.313286
0.900524,0.134023,0.312883
0.900524,0.137434,0.312485
0.900524,0.140844,0.312093
0.900524,0.144255,0.311709
0.900524,0.147666,0.311335
0.900524,0.151076,0.310971
0.900524,0.154487,0.31062
0.900524,0.157898,0.31028
0.900524,0.161308,0.309954
0.900524,0.164719,0.30964
0.900524,0.16813,0.309338
0.900524,0.17154,0.309049
0.900524,0.174951,0.308771
0.900524,0.178362,0.308505
0.900524,0.181772,0.308248
0.900524,0.185183,0.308001
0.900524,0.188594,0.307763
0.900524,0.192004,0.307533
0.900524,0.195415,0.307311
0.900524,0.198826,0.307095
0.900524,0.202237,0.306886
0.900524,0.205647,0.306683
0.900524,0.209058,0.306486
0.900524,0.212469,0.306295
0.900524,0.215879,0.30611
0.900524,0.21929,0.305931
0.900524,0.222701,0.305758
0.900524,0.226111,0.30559
0.900524,0.229522,0.30543
0.900524,0.232933,0.305276
0.900524,0.236343,0.305128
0.900524,0.239754,0.304988
0.900524,0.243165,0.304855
0.900524,0.246575,0.304728
0.918269,0.0794521,0.313785
0.918269,0.0828627,0.313641
0.918269,0.0862734,0.313486
0.918269,0.0896841,0.31332
0.918269,0.0930948,0.313144
0.918269,0.0965055,0.312957
0.918269,0.0999161,0.312761
0.918269,0.103327,0.312555
0.918269,0.106737,0.31234
0.918269,0.110148,0.312117
0.918269,0.113559,0.311888
0.918269,0.11697,0.311653
0.918269,0.12038,0.311413
0.918269,0.123791,0.311171
0.918269,0.127202,0.310927
0.918269,0.130612,0.310683
0.918269,0.134023,0.310439
0.918269,0.137434,0.310199
0.918269,0.140844,0.309961
0.918269,0.144255,0.309728
0.918269,0.147666,0.3095
0.918269,0.151076,0.309278
0.918269,0.154487,0.309062
0.918269,0.157898,0.308853
0.918269,0.161308,0.30865
0.918269,0.164719,0.308454
0.918269,0.16813,0.308264
0.918269,0.17154,0.30808
0.918269,0.174951,0.307902
0.918269,0.178362,0.307729
0.918269,0.181772,0.30756
0.918269,0.185183,0.307396
0.918269,0.188594,0.307237
0.918269,0.192004,0.30708
0.918269,0.195415,0.306927
0.918269,0.198826,0.306777
0.918269,0.202237,0.30663
0.918269,0.205647,0.306486
0.918269,0.209058,0.306344
0.918269,0.212469,0.306205
0.918269,0.215879,0.30607
0.918269,0.21929,0.305937
0.918269,0.222701,0.305808
0.918269,0.226111,0.305683
0.918269,0.229522,0.305562
0.918269,0.232933,0.305445
0.918269,0.236343,0.305333
0.918269,0.239754,0.305226
0.918269,0.243165,0.305124
0.918269,0.246575,0.305027
0.936013,0.0794521,0.310596
0.936013,0.0828627,0.310533
0.936013,0.0862734,0.310465
0.936013,0.0896841,0.310393
0.936013,0.0930948,0.310316
0.936013,0.0965055,0.310234
0.936013,0.0999161,0.310148
0.936013,0.103327,0.310058
0.936013,0.106737,0.309963
0.936013,0.110148,0.309866
0.936013,0.113559,0.309764
0.936013,0.11697,0.30966
0.936013,0.12038,0.309554
0.936013,0.123791,0.309446
0.936013,0.127202,0.309337
0.936013,0.130612,0.309227
0.936013,0.134023,0.309117
0.936013,0.137434,0.309007
0.936013,0.140844,0.308898
0.936013,0.144255,0.30879
0.936013,0.147666,0.308684
0.936013,0.151076,0.308578
0.936013,0.154487,0.308474
0.936013,0.157898,0.308372
0.936013,0.161308,0.308272
0.936013,0.164719,0.308173
0.936013,0.16813,0.308075
0.936013,0.17154,0.307978
0.936013,0.174951,0.307882
0.936013,0.178362,0.307788
0.936013,0.181772,0.307693
0.936013,0.185183,0.3076
0.936013,0.188594,0.307506
0.936013,0.192004,0.307413
0.936013,0.195415,0.30732
0.936013,0.198826,0.307227
0.936013,0.202237,0.307134
0.936013,0.205647,0.307042
0.936013,0.209058,0.30695
0.936013,0.212469,0.306859
0.936013,0.215879,0.30677
0.936013,0.21929,0.306681
0.936013,0.222701,0.306594
0.936013,0.226111,0.306509
0.936013,0.229522,0.306427
0.936013,0.232933,0.306347
0.936013,0.236343,0.30627
0.936013,0.239754,0.306196
0.936013,0.243165,0.306125
0.936013,0.246575,0.306058
0.953757,0.0794521,0.308812
0.953757,0.0828627,0.308818
0.953757,0.0862734,0.308825
0.953757,0.0896841,0.308832
0.953757,0.0930948,0.308839
0.953757,0.0965055,0.308847
0.953757,0.0999161,0.308854
0.953757,0.103327,0.308862
0.953757,0.106737,0.308869
0.953757,0.110148,0.308876
0.953757,0.113559,0.308883
0.953757,0.11697,0.308889
0.953757,0.12038,0.308895
0.953757,0.123791,0.3089
0.953757,0.127202,0.308904
0.953757,0.130612,0.308906
0.953757,0.134023,0.308908
0.953757,0.137434,0.308907
0.953757,0.140844,0.308905
0.953757,0.144255,0.308901
0.953757,0.147666,0.308895
0.953757,0.151076,0.308887
0.953757,0.154487,0.308876
0.953757,0.157898,0.308862
0.953757,0.161308,0.308846
0.953757,0.164719,0.308827
0.953757,0.16813,0.308805
0.953757,0.17154,0.308781
0.953757,0.174951,0.308753
0.953757,0.178362,0.308723
0.953757,0.181772,0.308689
0.953757,0.185183,0.308653
0.953757,0.188594,0.308614
0.953757,0.192004,0.308572
0.953757,0.195415,0.308529
0.953757,0.198826,0.308482
0.953757,0.202237,0.308435
0.953757,0.205647,0.308385
0.953757,0.209058,0.308334
0.953757,0.212469,0.308282
0.953757,0.215879,0.30823
0.953757,0.21929,0.308177
0.953757,0.222701,0.308125
0.953757,0.226111,0.308073
0.953757,0.229522,0.308022
0.953757,0.232933,0.307972
0.953757,0.236343,0.307923
0.953757,0.239754,0.307876
0.953757,0.243165,0.307831
0.953757,0.246575,0.307788
0.971502,0.0794521,0.308339
0.971502,0.0828627,0.308404
0.971502,0.0862734,0.308474
0.971502,0.0896841,0.308547
0.971502,0.0930948,0.308625
0.971502,0.0965055,0.308708
0.971502,0.0999161,0.308794
0.971502,0.103327,0.308884
0.971502,0.106737,0.308977
0.971502,0.110148,0.309073
0.971502,0.113559,0.30917
0.971502,0.11697,0.309269
0.971502,0.12038,0.309369
0.971502,0.123791,0.309468
0.971502,0.127202,0.309566
0.971502,0.130612,0.309663
0.971502,0.134023,0.309757
0.971502,0.137434,0.309847
0.971502,0.140844,0.309934
0.971502,0.144255,0.310015
0.971502,0.147666,0.310092
0.971502,0.151076,0.310163
0.971502,0.154487,0.310228
0.971502,0.157898,0.310286
0.971502,0.161308,0.310338
0.971502,0.164719,0.310384
0.971502,0.16813,0.310422
0.971502,0.17154,0.310454
0.971502,0.174951,0.31048
0.971502,0.178362,0.310498
0.971502,0.181772,0.310511
0.971502,0.185183,0.310518
0.971502,0.188594,0.310519
0.971502,0.192004,0.310515
0.971502,0.195415,0.310506
0.971502,0.198826,0.310493
0.971502,0.202237,0.310476
0.971502,0.205647,0.310455
0.971502,0.209058,0.310431
0.971502,0.212469,0.310405
0.971502,0.215879,0.310376
0.971502,0.21929,0.310346
0.971502,0.222701,0.310315
0.971502,0.226111,0.310283
0.971502,0.229522,0.310251
0.971502,0.232933,0.310219
0.971502,0.236343,0.310187
0.971502,0.239754,0.310155
0.971502,0.243165,0.310125
0.971502,0.246575,0.310096
0.989246,0.0794521,0.309025
0.989246,0.0828627,0.309139
0.989246,0.0862734,0.30926
0.989246,0.0896841,0.30939
0.989246,0.0930948,0.309527
0.989246,0.0965055,0.309672
0.989246,0.0999161,0.309824
0.989246,0.103327,0.309982
0.989246,0.106737,0.310146
0.989246,0.110148,0.310315
0.989246,0.113559,0.310487
0.989246,0.11697,0.310663
0.989246,0.12038,0.31084
0.989246,0.123791,0.311017
0.989246,0.127202,0.311192
0.989246,0.130612,0.311366
0.989246,0.134023,0.311535
0.989246,0.137434,0.311699
0.989246,0.140844,0.311857
0.989246,0.144255,0.312008
0.989246,0.147666,0.312151
0.989246,0.151076,0.312285
0.989246,0.154487,0.312409
0.989246,0.157898,0.312524
0.989246,0.161308,0.312628
0.989246,0.164719,0.312722
0.989246,0.16813,0.312806
0.989246,0.17154,0.312879
0.989246,0.174951,0.312942
0.989246,0.178362,0.312996
0.989246,0.181772,0.31304
0.989246,0.185183,0.313075
0.989246,0.188594,0.313101
0.989246,0.192004,0.31312
0.989246,0.195415,0.313131
0.989246,0.198826,0.313136
0.989246,0.202237,0.313134
0.989246,0.205647,0.313127
0.989246,0.209058,0.313116
0.989246,0.212469,0.3131
0.989246,0.215879,0.313081
0.989246,0.21929,0.313059
0.989246,0.222701,0.313035
0.989246,0.226111,0.313009
0.989246,0.229522,0.312982
0.989246,0.232933,0.312954
0.989246,0.236343,0.312926
0.989246,0.239754,0.312898
0.989246,0.243165,0.312871
0.989246,0.246575,0.312844
1.00699,0.0794521,0.310685
1.00699,0.0828627,0.310837
1.00699,0.0862734,0.310999
1.00699,0.0896841,0.311172
1.00699,0.0930948,0.311356
1.00699,0.0965055,0.31155
1.00699,0.0999161,0.311753
1.00699,0.103327,0.311965
1.00699,0.106737,0.312184
1.00699,0.110148,0.31241
1.00699,0.113559,0.312641
1.00699,0.11697,0.312876
1.00699,0.12038,0.313113
1.00699,0.123791,0.313351
1.00699,0.127202,0.313586
1.00699,0.130612,0.313819
1.00699,0.134023,0.314046
1.00699,0.137434,0.314267
1.00699,0.140844,0.31448
1.00699,0.144255,0.314683
1.00699,0.147666,0.314876
1.00699,0.151076,0.315057
1.00699,0.154487,0.315225
1.00699,0.157898,0.315381
1.00699,0.161308,0.315523
1.00699,0.164719,0.315651
1.00699,0.16813,0.315766
1.00699,0.17154,0.315867
1.00699,0.174951,0.315955
1.00699,0.178362,0.316031
1.00699,0.181772,0.316094
1.00699,0.185183,0.316145
1.00699,0.188594,0.316185
1.00699,0.192004,0.316215
1.00699,0.195415,0.316235
1.00699,0.198826,0.316246
1.00699,0.202237,0.316249
1.00699,0.205647,0.316245
1.00699,0.209058,0.316235
1.00699,0.212469,0.31622
1.00699,0.215879,0.3162
1.00699,0.21929,0.316176
1.00699,0.222701,0.316149
1.00699,0.226111,0.316119
1.00699,0.229522,0.316088
1.00699,0.232933,0.316056
1.00699,0.236343,0.316024
1.00699,0.239754,0.315991
1.00699,0.243165,0.315959
1.00699,0.246575,0.315927
1.02473,0.0794521,0.313151
1.02473,0.0828627,0.313328
1.02473,0.0862734,0.313518
1.02473,0.0896841,0.31372
1.02473,0.0930948,0.313934
1.02473,0.0965055,0.31416
1.02473,0.0999161,0.314397
1.02473,0.103327,0.314644
1.02473,0.106737,0.314901
1.02473,0.110148,0.315164
1.02473,0.113559,0.315434
1.02473,0.11697,0.315708
1.02473,0.12038,0.315985
1.02473,0.123791,0.316262
1.02473,0.127202,0.316537
1.02473,0.130612,0.316808
1.02473,0.134023,0.317073
1.02473,0.137434,0.317331
1.02473,0.140844,0.317579
1.02473,0.144255,0.317817
1.02473,0.147666,0.318041
1.02473,0.151076,0.318253
1.02473,0.154487,0.31845
1.02473,0.157898,0.318631
1.02473,0.161308,0.318797
1.02473,0.164719,0.318947
1.02473,0.16813,0.319082
1.02473,0.17154,0.3192
1.02473,0.174951,0.319303
1.02473,0.178362,0.319391
1.02473,0.181772,0.319465
1.02473,0.185183,0.319525
1.02473,0.188594,0.319572
1.02473,0.192004,0.319606
1.02473,0.195415,0.31963
1.02473,0.198826,0.319642
1.02473,0.202237,0.319646
1.02473,0.205647,0.319641
1.02473,0.209058,0.319628
1.02473,0.212469,0.319609
1.02473,0.215879,0.319584
1.02473,0.21929,0.319555
1.02473,0.222701,0.319522
1.02473,0.226111,0.319486
1.02473,0.229522,0.319448
1.02473,0.232933,0.319408
1.02473,0.236343,0.319368
1.02473,0.239754,0.319328
1.02473,0.243165,0.319288
1.02473,0.246575,0.319249
1.04248,0.0794521,0.316321
1.04248,0.0828627,0.316507
1.04248,0.0862734,0.316707
1.04248,0.0896841,0.316919
1.04248,0.0930948,0.317144
1.04248,0.0965055,0.317381
1.04248,0.0999161,0.31763
1.04248,0.103327,0.31789
1.04248,0.106737,0.318159
1.04248,0.110148,0.318436
1.04248,0.113559,0.318719
1.04248,0.11697,0.319007
1.04248,0.12038,0.319297
1.04248,0.123791,0.319587
1.04248,0.127202,0.319876
1.04248,0.130612,0.320161
1.04248,0.134023,0.320439
1.04248,0.137434,0.32071
1.04248,0.140844,0.320971
1.04248,0.144255,0.32122
1.04248,0.147666,0.321456
1.04248,0.151076,0.321678
1.04248,0.154487,0.321885
1.04248,0.157898,0.322076
1.04248,0.161308,0.322251
1.04248,0.164719,0.322409
1.04248,0.16813,0.32255
1.04248,0.17154,0.322676
1.04248,0.174951,0.322784
1.04248,0.178362,0.322877
1.04248,0.181772,0.322955
1.04248,0.185183,0.323018
1.04248,0.188594,0.323068
1.04248,0.192004,0.323104
1.04248,0.195415,0.323129
1.04248,0.198826,0.323142
1.04248,0.202237,0.323145
1.04248,0.205647,0.323138
1.04248,0.209058,0.323124
1.04248,0.212469,0.323102
1.04248,0.215879,0.323074
1.04248,0.21929,0.323041
1.04248,0.222701,0.323004
1.04248,0.226111,0.322963
1.04248,0.229522,0.32292
1.04248,0.232933,0.322875
1.04248,0.236343,0.322829
1.04248,0.239754,0.322783
1.04248,0.243165,0.322737
1.04248,0.246575,0.322692
1.06022,0.0794521,0.320177
1.06022,0.0828627,0.320352
1.06022,0.0862734,0.32054
1.06022,0.0896841,0.32074
1.06022,0.0930948,0.320951
1.06022,0.0965055,0.321175
1.06022,0.0999161,0.321409
1.06022,0.103327,0.321653
1.06022,0.106737,0.321906
1.06022,0.110148,0.322166
1.06022,0.113559,0.322433
1.06022,0.11697,0.322703
1.06022,0.12038,0.322976
1.06022,0.123791,0.323249
1.06022,0.127202,0.32352
1.06022,0.130612,0.323788
1.06022,0.134023,0.32405
1.06022,0.137434,0.324304
1.06022,0.140844,0.324549
1.06022,0.144255,0.324784
1.06022,0.147666,0.325006
1.06022,0.151076,0.325214
1.06022,0.154487,0.325409
1.06022,0.157898,0.325589
1.06022,0.161308,0.325753
1.06022,0.164719,0.325902
1.06022,0.16813,0.326035
1.06022,0.17154,0.326153
1.06022,0.174951,0.326255
1.06022,0.178362,0.326342
1.06022,0.181772,0.326415
1.06022,0.185183,0.326474
1.06022,0.188594,0.32652
1.06022,0.192004,0.326553
1.06022,0.195415,0.326574
1.06022,0.198826,0.326585
1.06022,0.202237,0.326585
1.06022,0.205647,0.326577
1.06022,0.209058,0.32656
1.06022,0.212469,0.326536
1.06022,0.215879,0.326506
1.06022,0.21929,0.32647
1.06022,0.222701,0.32643
1.06022,0.226111,0.326387
1.06022,0.229522,0.32634
1.06022,0.232933,0.326292
1.06022,0.236343,0.326243
1.06022,0.239754,0.326193
1.06022,0.243165,0.326144
1.06022,0.246575,0.326095
1.07797,0.0794521,0.324756
1.07797,0.0828627,0.324898
1.07797,0.0862734,0.325051
1.07797,0.0896841,0.325213
1.07797,0.0930948,0.325385
1.07797,0.0965055,0.325567
1.07797,0.0999161,0.325757
1.07797,0.103327,0.325955
1.07797,0.106737,0.32616
1.07797,0.110148,0.326371
1.07797,0.113559,0.326587
1.07797,0.11697,0.326807
1.07797,0.12038,0.327028
1.07797,0.123791,0.327249
1.07797,0.127202,0.327469
1.07797,0.130612,0.327685
1.07797,0.134023,0.327897
1.07797,0.137434,0.328102
1.07797,0.140844,0.3283
1.07797,0.144255,0.328488
1.07797,0.147666,0.328667
1.07797,0.151076,0.328834
1.07797,0.154487,0.32899
1.07797,0.157898,0.329133
1.07797,0.161308,0.329264
1.07797,0.164719,0.329382
1.07797,0.16813,0.329486
1.07797,0.17154,0.329577
1.07797,0.174951,0.329656
1.07797,0.178362,0.329722
1.07797,0.181772,0.329775
1.07797,0.185183,0.329817
1.07797,0.188594,0.329847
1.07797,0.192004,0.329867
1.07797,0.195415,0.329876
1.07797,0.198826,0.329876
1.07797,0.202237,0.329867
1.07797,0.205647,0.329849
1.07797,0.209058,0.329824
1.07797,0.212469,0.329793
1.07797,0.215879,0.329756
1.07797,0.21929,0.329713
1.07797,0.222701,0.329667
1.07797,0.226111,0.329617
1.07797,0.229522,0.329565
1.07797,0.232933,0.32951
1.07797,0.236343,0.329455
1.07797,0.239754,0.329399
1.07797,0.243165,0.329343
1.07797,0.246575,0.329288
1.09571,0.0794521,0.330101
1.09571,0.0828627,0.330189
1.09571,0.0862734,0.330283
1.09571,0.0896841,0.330383
1.09571,0.0930948,0.330489
1.09571,0.0965055,0.330601
1.09571,0.0999161,0.330718
1.09571,0.103327,0.33084
1.09571,0.106737,0.330966
1.09571,0.110148,0.331096
1.09571,0.113559,0.331228
1.09571,0.11697,0.331362
1.09571,0.12038,0.331497
1.09571,0.123791,0.331632
1.09571,0.127202,0.331765
1.09571,0.130612,0.331897
1.09571,0.134023,0.332024
1.09571,0.137434,0.332147
1.09571,0.140844,0.332265
1.09571,0.144255,0.332377
1.09571,0.147666,0.332482
1.09571,0.151076,0.332579
1.09571,0.154487,0.332668
1.09571,0.157898,0.332749
1.09571,0.161308,0.33282
1.09571,0.164719,0.332883
1.09571,0.16813,0.332936
1.09571,0.17154,0.33298
1.09571,0.174951,0.333015
1.09571,0.178362,0.333041
1.09571,0.181772,0.333057
1.09571,0.185183,0.333065
1.09571,0.188594,0.333064
1.09571,0.192004,0.333055
1.09571,0.195415,0.333038
1.09571,0.198826,0.333013
1.09571,0.202237,0.332982
1.09571,0.205647,0.332943
1.09571,0.209058,0.332899
1.09571,0.212469,0.332848
1.09571,0.215879,0.332793
1.09571,0.21929,0.332734
1.09571,0.222701,0.332671
1.09571,0.226111,0.332605
1.09571,0.229522,0.332537
1.09571,0.232933,0.332467
1.09571,0.236343,0.332396
1.09571,0.239754,0.332325
1.09571,0.243165,0.332255
1.09571,0.246575,0.332185
1.11346,0.0794521,0.336219
1.11346,0.0828627,0.336233
1.11346,0.0862734,0.336249
1.11346,0.0896841,0.336265
1.11346,0.0930948,0.336282
1.11346,0.0965055,0.3363
1.11346,0.0999161,0.336318
1.11346,0.103327,0.336337
1.11346,0.106737,0.336356
1.11346,0.110148,0.336376
1.11346,0.113559,0.336395
1.11346,0.11697,0.336414
1.11346,0.12038,0.336432
1.11346,0.123791,0.33645
1.11346,0.127202,0.336467
1.11346,0.130612,0.336482
1.11346,0.134023,0.336495
1.11346,0.137434,0.336507
1.11346,0.140844,0.336516
1.11346,0.144255,0.336522
1.11346,0.147666,0.336526
1.11346,0.151076,0.336527
1.11346,0.154487,0.336524
1.11346,0.157898,0.336517
1.11346,0.161308,0.336507
1.11346,0.164719,0.336493
1.11346,0.16813,0.336475
1.11346,0.17154,0.336452
1.11346,0.174951,0.336424
1.11346,0.178362,0.336392
1.11346,0.181772,0.336355
1.11346,0.185183,0.336313
1.11346,0.188594,0.336265
1.11346,0.192004,0.336213
1.11346,0.195415,0.336156
1.11346,0.198826,0.336093
1.11346,0.202237,0.336025
1.11346,0.205647,0.335953
1.11346,0.209058,0.335876
1.11346,0.212469,0.335794
1.11346,0.215879,0.335709
1.11346,0.21929,0.33562
1.11346,0.222701,0.335528
1.11346,0.226111,0.335433
1.11346,0.229522,0.335337
1.11346,0.232933,0.335239
1.11346,0.236343,0.335141
1.11346,0.239754,0.335042
1.11346,0.243165,0.334944
1.11346,0.246575,0.334848
1.1312,0.0794521,0.343074
1.1312,0.0828627,0.343
1.1312,0.0862734,0.342922
1.1312,0.0896841,0.342838
1.1312,0.0930948,0.342748
1.1312,0.0965055,0.342654
1.1312,0.0999161,0.342554
1.1312,0.103327,0.342449
1.1312,0.106737,0.34234
1.1312,0.110148,0.342227
1.1312,0.113559,0.342111
1.1312,0.11697,0.341991
1.1312,0.12038,0.34187
1.1312,0.123791,0.341746
1.1312,0.127202,0.341622
1.1312,0.130612,0.341498
1.1312,0.134023,0.341373
1.1312,0.137434,0.34125
1.1312,0.140844,0.341127
1.1312,0.144255,0.341007
1.1312,0.147666,0.340888
1.1312,0.151076,0.340772
1.1312,0.154487,0.340658
1.1312,0.157898,0.340547
1.1312,0.161308,0.340437
1.1312,0.164719,0.34033
1.1312,0.16813,0.340224
1.1312,0.17154,0.34012
1.1312,0.174951,0.340017
1.1312,0.178362,0.339914
1.1312,0.181772,0.339812
1.1312,0.185183,0.339709
1.1312,0.188594,0.339606
1.1312,0.192004,0.339501
1.1312,0.195415,0.339394
1.1312,0.198826,0.339285
1.1312,0.202237,0.339174
1.1312,0.205647,0.33906
1.1312,0.209058,0.338943
1.1312,0.212469,0.338823
1.1312,0.215879,0.338701
1.1312,0.21929,0.338575
1.1312,0.222701,0.338446
1.1312,0.226111,0.338315
1.1312,0.229522,0.338182
1.1312,0.232933,0.338047
1.1312,0.236343,0.337912
1.1312,0.239754,0.337776
1.1312,0.243165,0.337641
1.1312,0.246575,0.337506
1.14894,0.0794521,0.350598
1.14894,0.0828627,0.350429
1.14894,0.0862734,0.350248
1.14894,0.0896841,0.350054
1.14894,0.0930948,0.349848
1.14894,0.0965055,0.34963
1.14894,0.0999161,0.349401
1.14894,0.103327,0.349161
1.14894,0.106737,0.348911
1.14894,0.110148,0.348653
1.14894,0.113559,0.348387
1.14894,0.11697,0.348115
1.14894,0.12038,0.347838
1.14894,0.123791,0.347559
1.14894,0.127202,0.347279
1.14894,0.130612,0.347
1.14894,0.134023,0.346723
1.14894,0.137434,0.346449
1.14894,0.140844,0.346181
1.14894,0.144255,0.34592
1.14894,0.147666,0.345666
1.14894,0.151076,0.34542
1.14894,0.154487,0.345182
1.14894,0.157898,0.344954
1.14894,0.161308,0.344735
1.14894,0.164719,0.344525
1.14894,0.16813,0.344324
1.14894,0.17154,0.344132
1.14894,0.174951,0.343947
1.14894,0.178362,0.343768
1.14894,0.181772,0.343597
1.14894,0.185183,0.34343
1.14894,0.188594,0.343268
1.14894,0.192004,0.34311
1.14894,0.195415,0.342954
1.14894,0.198826,0.3428
1.14894,0.202237,0.342647
1.14894,0.205647,0.342494
1.14894,0.209058,0.342341
1.14894,0.212469,0.342186
1.14894,0.215879,0.34203
1.14894,0.21929,0.341872
1.14894,0.222701,0.341712
1.14894,0.226111,0.341549
1.14894,0.229522,0.341385
1.14894,0.232933,0.341218
1.14894,0.236343,0.341049
1.14894,0.239754,0.340879
1.14894,0.243165,0.340709
1.14894,0.246575,0.340538
1.16669,0.0794521,0.358699
1.16669,0.0828627,0.358434
1.16669,0.0862734,0.358148
1.16669,0.0896841,0.357844
1.16669,0.0930948,0.357519
1.16669,0.0965055,0.357176
1.16669,0.0999161,0.356815
1.16669,0.103327,0.356436
1.16669,0.106737,0.356042
1.16669,0.110148,0.355634
1.16669,0.113559,0.355215
1.16669,0.11697,0.354786
1.16669,0.12038,0.35435
1.16669,0.123791,0.353909
1.16669,0.127202,0.353468
1.16669,0.130612,0.353028
1.16669,0.134023,0.352592
1.16669,0.137434,0.352164
1.16669,0.140844,0.351744
1.16669,0.144255,0.351336
1.16669,0.147666,0.35094
1.16669,0.151076,0.35056
1.16669,0.154487,0.350195
1.16669,0.157898,0.349846
1.16669,0.161308,0.349514
1.16669,0.164719,0.349199
1.16669,0.16813,0.348901
1.16669,0.17154,0.348619
1.16669,0.174951,0.348352
1.16669,0.178362,0.348099
1.16669,0.181772,0.347861
1.16669,0.185183,0.347634
1.16669,0.188594,0.347419
1.16669,0.192004,0.347213
1.16669,0.195415,0.347016
1.16669,0.198826,0.346826
1.16669,0.202237,0.346642
1.16669,0.205647,0.346463
1.16669,0.209058,0.346287
1.16669,0.212469,0.346114
1.16669,0.215879,0.345942
1.16669,0.21929,0.345771
1.16669,0.222701,0.3456
1.16669,0.226111,0.345427
1.16669,0.229522,0.345254
1.16669,0.232933,0.345079
1.16669,0.236343,0.344903
1.16669,0.239754,0.344724
1.16669,0.243165,0.344545
1.16669,0.246575,0.344364
1.18443,0.0794521,0.367244
1.18443,0.0828627,0.366885
1.18443,0.0862734,0.366499
1.18443,0.0896841,0.366087
1.18443,0.0930948,0.365648
1.18443,0.0965055,0.365183
1.18443,0.0999161,0.364693
1.18443,0.103327,0.36418
1.18443,0.106737,0.363645
1.18443,0.110148,0.363092
1.18443,0.113559,0.362522
1.18443,0.11697,0.361939
1.18443,0.12038,0.361346
1.18443,0.123791,0.360748
1.18443,0.127202,0.360148
1.18443,0.130612,0.35955
1.18443,0.134023,0.358959
1.18443,0.137434,0.358376
1.18443,0.140844,0.357807
1.18443,0.144255,0.357254
1.18443,0.147666,0.35672
1.18443,0.151076,0.356206
1.18443,0.154487,0.355716
1.18443,0.157898,0.355249
1.18443,0.161308,0.354806
1.18443,0.164719,0.354389
1.18443,0.16813,0.353997
1.18443,0.17154,0.353628
1.18443,0.174951,0.353284
1.18443,0.178362,0.352962
1.18443,0.181772,0.352662
1.18443,0.185183,0.352382
1.18443,0.188594,0.35212
1.18443,0.192004,0.351876
1.18443,0.195415,0.351647
1.18443,0.198826,0.351432
1.18443,0.202237,0.351229
1.18443,0.205647,0.351037
1.18443,0.209058,0.350855
1.18443,0.212469,0.350681
1.18443,0.215879,0.350513
1.18443,0.21929,0.35035
1.18443,0.222701,0.350192
1.18443,0.226111,0.350037
1.18443,0.229522,0.349885
1.18443,0.232933,0.349734
1.18443,0.236343,0.349585
1.18443,0.239754,0.349436
1.18443,0.243165,0.349288
1.18443,0.246575,0.349139
1.20218,0.0794521,0.376031
1.20218,0.0828627,0.375582
1.20218,0.0862734,0.375099
1.20218,0.0896841,0.374582
1.20218,0.0930948,0.374032
1.20218,0.0965055,0.37345
1.20218,0.0999161,0.372837
1.20218,0.103327,0.372194
1.20218,0.106737,0.371524
1.20218,0.110148,0.37083
1.20218,0.113559,0.370116
1.20218,0.11697,0.369386
1.20218,0.12038,0.368644
1.20218,0.123791,0.367895
1.20218,0.127202,0.367144
1.20218,0.130612,0.366396
1.20218,0.134023,0.365656
1.20218,0.137434,0.364928
1.20218,0.140844,0.364217
1.20218,0.144255,0.363527
1.20218,0.147666,0.362861
1.20218,0.151076,0.362222
1.20218,0.154487,0.361612
1.20218,0.157898,0.361033
1.20218,0.161308,0.360486
1.20218,0.164719,0.359972
1.20218,0.16813,0.359491
1.20218,0.17154,0.359041
1.20218,0.174951,0.358623
1.20218,0.178362,0.358235
1.20218,0.181772,0.357876
1.20218,0.185183,0.357545
1.20218,0.188594,0.35724
1.20218,0.192004,0.356958
1.20218,0.195415,0.356699
1.20218,0.198826,0.35646
1.20218,0.202237,0.356239
1.20218,0.205647,0.356036
1.20218,0.209058,0.355848
1.20218,0.212469,0.355673
1.20218,0.215879,0.355511
1.20218,0.21929,0.355359
1.20218,0.222701,0.355216
1.20218,0.226111,0.355082
1.20218,0.229522,0.354955
1.20218,0.232933,0.354834
1.20218,0.236343,0.354718
1.20218,0.239754,0.354606
1.20218,0.243165,0.354499
1.20218,0.246575,0.354395
1.21992,0.0794521,0.384815
1.21992,0.0828627,0.384271
1.21992,0.0862734,0.383688
1.21992,0.0896841,0.383065
1.21992,0.0930948,0.382402
1.21992,0.0965055,0.381701
1.21992,0.0999161,0.380963
1.21992,0.103327,0.38019
1.21992,0.106737,0.379386
1.21992,0.110148,0.378554
1.21992,0.113559,0.377699
1.21992,0.11697,0.376825
1.21992,0.12038,0.375938
1.21992,0.123791,0.375044
1.21992,0.127202,0.374149
1.21992,0.130612,0.373258
1.21992,0.134023,0.372378
1.21992,0.137434,0.371514
1.21992,0.140844,0.37067
1.21992,0.144255,0.369853
1.21992,0.147666,0.369065
1.21992,0.151076,0.36831
1.21992,0.154487,0.36759
1.21992,0.157898,0.366908
1.21992,0.161308,0.366264
1.21992,0.164719,0.36566
1.21992,0.16813,0.365094
1.21992,0.17154,0.364567
1.21992,0.174951,0.364078
1.21992,0.178362,0.363624
1.21992,0.181772,0.363206
1.21992,0.185183,0.36282
1.21992,0.188594,0.362465
1.21992,0.192004,0.362139
1.21992,0.195415,0.361839
1.21992,0.198826,0.361564
1.21992,0.202237,0.361311
1.21992,0.205647,0.361079
1.21992,0.209058,0.360865
1.21992,0.212469,0.360667
1.21992,0.215879,0.360485
1.21992,0.21929,0.360316
1.21992,0.222701,0.360158
1.21992,0.226111,0.360011
1.21992,0.229522,0.359873
1.21992,0.232933,0.359742
1.21992,0.236343,0.359619
1.21992,0.239754,0.359502
1.21992,0.243165,0.35939
1.21992,0.246575,0.359282
1.23767,0.0794521,0.393401
1.23767,0.0828627,0.392751
1.23767,0.0862734,0.392054
1.23767,0.0896841,0.391311
1.23767,0.0930948,0.390523
1.23767,0.0965055,0.389691
1.23767,0.0999161,0.388817
1.23767,0.103327,0.387905
1.23767,0.106737,0.386958
1.23767,0.110148,0.385981
1.23767,0.113559,0.384979
1.23767,0.11697,0.383958
1.23767,0.12038,0.382925
1.23767,0.123791,0.381887
1.23767,0.127202,0.380849
1.23767,0.130612,0.37982
1.23767,0.134023,0.378806
1.23767,0.137434,0.377812
1.23767,0.140844,0.376845
1.23767,0.144255,0.375909
1.23767,0.147666,0.375009
1.23767,0.151076,0.374148
1.23767,0.154487,0.373329
1.23767,0.157898,0.372553
1.23767,0.161308,0.371822
1.23767,0.164719,0.371135
1.23767,0.16813,0.370492
1.23767,0.17154,0.369892
1.23767,0.174951,0.369334
1.23767,0.178362,0.368817
1.23767,0.181772,0.368337
1.23767,0.185183,0.367893
1.23767,0.188594,0.367482
1.23767,0.192004,0.367102
1.23767,0.195415,0.36675
1.23767,0.198826,0.366423
1.23767,0.202237,0.366119
1.23767,0.205647,0.365837
1.23767,0.209058,0.365572
1.23767,0.212469,0.365323
1.23767,0.215879,0.365089
1.23767,0.21929,0.364867
1.23767,0.222701,0.364655
1.23767,0.226111,0.364452
1.23767,0.229522,0.364256
1.23767,0.232933,0.364067
1.23767,0.236343,0.363883
1.23767,0.239754,0.363703
1.23767,0.243165,0.363527
1.23767,0.246575,0.363354
1.25541,0.0794521,0.401773
1.25541,0.0828627,0.400992
1.25541,0.0862734,0.400158
1.25541,0.0896841,0.399271
1.25541,0.0930948,0.398334
1.25541,0.0965055,0.397348
1.25541,0.0999161,0.396317
1.25541,0.103327,0.395244
1.25541,0.106737,0.394136
1.25541,0.110148,0.392997
1.25541,0.113559,0.391834
1.25541,0.11697,0.390655
1.25541,0.12038,0.389467
1.25541,0.123791,0.388278
1.25541,0.127202,0.387095
1.25541,0.130612,0.385927
1.25541,0.134023,0.384781
1.25541,0.137434,0.383662
1.25541,0.140844,0.382577
1.25541,0.144255,0.381531
1.25541,0.147666,0.380528
1.25541,0.151076,0.379571
1.25541,0.154487,0.378662
1.25541,0.157898,0.377803
1.25541,0.161308,0.376994
1.25541,0.164719,0.376235
1.25541,0.16813,0.375524
1.25541,0.17154,0.37486
1.25541,0.174951,0.374241
1.25541,0.178362,0.373665
1.25541,0.181772,0.373128
1.25541,0.185183,0.372629
1.25541,0.188594,0.372163
1.25541,0.192004,0.371728
1.25541,0.195415,0.371321
1.25541,0.198826,0.370938
1.25541,0.202237,0.370577
1.25541,0.205647,0.370235
1.25541,0.209058,0.369908
1.25541,0.212469,0.369596
1.25541,0.215879,0.369294
1.25541,0.21929,0.369001
1.25541,0.222701,0.368715
1.25541,0.226111,0.368435
1.25541,0.229522,0.368158
1.25541,0.232933,0.367884
1.25541,0.236343,0.367611
1.25541,0.239754,0.367339
1.25541,0.243165,0.367067
1.25541,0.246575,0.366796
1.27316,0.0794521,0.410123
1.27316,0.0828627,0.409178
1.27316,0.0862734,0.408173
1.27316,0.0896841,0.407109
1.27316,0.0930948,0.40599
1.27316,0.0965055,0.404818
1.27316,0.0999161,0.403599
1.27316,0.103327,0.402338
1.27316,0.106737,0.401042
1.27316,0.110148,0.399717
1.27316,0.113559,0.398373
1.27316,0.11697,0.397017
1.27316,0.12038,0.395659
1.27316,0.123791,0.394307
1.27316,0.127202,0.392971
1.27316,0.130612,0.391658
1.27316,0.134023,0.390376
1.27316,0.137434,0.389132
1.27316,0.140844,0.387931
1.27316,0.144255,0.386779
1.27316,0.147666,0.385678
1.27316,0.151076,0.384632
1.27316,0.154487,0.383642
1.27316,0.157898,0.382709
1.27316,0.161308,0.381831
1.27316,0.164719,0.381009
1.27316,0.16813,0.38024
1.27316,0.17154,0.379522
1.27316,0.174951,0.378852
1.27316,0.178362,0.378227
1.27316,0.181772,0.377644
1.27316,0.185183,0.377098
1.27316,0.188594,0.376587
1.27316,0.192004,0.376107
1.27316,0.195415,0.375653
1.27316,0.198826,0.375223
1.27316,0.202237,0.374812
1.27316,0.205647,0.374419
1.27316,0.209058,0.374038
1.27316,0.212469,0.373668
1.27316,0.215879,0.373306
1.27316,0.21929,0.372949
1.27316,0.222701,0.372595
1.27316,0.226111,0.372241
1.27316,0.229522,0.371887
1.27316,0.232933,0.371531
1.27316,0.236343,0.371172
1.27316,0.239754,0.370809
1.27316,0.243165,0.370442
1.27316,0.246575,0.37007
1.2909,0.0794521,0.418738
1.2909,0.0828627,0.417591
1.2909,0.0862734,0.416377
1.2909,0.0896841,0.415099
1.2909,0.0930948,0.413761
1.2909,0.0965055,0.412368
1.2909,0.0999161,0.410926
1.2909,0.103327,0.409444
1.2909,0.106737,0.407929
1.2909,0.110148,0.406392
1.2909,0.113559,0.40484
1.2909,0.11697,0.403286
1.2909,0.12038,0.401738
1.2909,0.123791,0.400208
1.2909,0.127202,0.398704
1.2909,0.130612,0.397235
1.2909,0.134023,0.39581
1.2909,0.137434,0.394434
1.2909,0.140844,0.393113
1.2909,0.144255,0.391851
1.2909,0.147666,0.390653
1.2909,0.151076,0.389518
1.2909,0.154487,0.388449
1.2909,0.157898,0.387445
1.2909,0.161308,0.386504
1.2909,0.164719,0.385625
1.2909,0.16813,0.384804
1.2909,0.17154,0.38404
1.2909,0.174951,0.383328
1.2909,0.178362,0.382663
1.2909,0.181772,0.382044
1.2909,0.185183,0.381464
1.2909,0.188594,0.38092
1.2909,0.192004,0.380407
1.2909,0.195415,0.379922
1.2909,0.198826,0.37946
1.2909,0.202237,0.379017
1.2909,0.205647,0.37859
1.2909,0.209058,0.378175
1.2909,0.212469,0.377768
1.2909,0.215879,0.377367
1.2909,0.21929,0.376967
1.2909,0.222701,0.376568
1.2909,0.226111,0.376165
1.2909,0.229522,0.375758
1.2909,0.232933,0.375344
1.2909,0.236343,0.374922
1.2909,0.239754,0.374491
1.2909,0.243165,0.37405
1.2909,0.246575,0.373599
1.30864,0.0794521,0.427766
1.30864,0.0828627,0.426385
1.30864,0.0862734,0.424931
1.30864,0.0896841,0.423407
1.30864,0.0930948,0.42182
1.30864,0.0965055,0.420176
1.30864,0.0999161,0.418484
1.30864,0.103327,0.416754
1.30864,0.106737,0.414996
1.30864,0.110148,0.413221
1.30864,0.113559,0.411441
1.30864,0.11697,0.409668
1.30864,0.12038,0.407913
1.30864,0.123791,0.406187
1.30864,0.127202,0.404501
1.30864,0.130612,0.402863
1.30864,0.134023,0.401282
1.30864,0.137434,0.399764
1.30864,0.140844,0.398314
1.30864,0.144255,0.396936
1.30864,0.147666,0.395633
1.30864,0.151076,0.394405
1.30864,0.154487,0.393253
1.30864,0.157898,0.392175
1.30864,0.161308,0.391169
1.30864,0.164719,0.390233
1.30864,0.16813,0.389362
1.30864,0.17154,0.388554
1.30864,0.174951,0.387803
1.30864,0.178362,0.387105
1.30864,0.181772,0.386456
1.30864,0.185183,0.385851
1.30864,0.188594,0.385284
1.30864,0.192004,0.384752
1.30864,0.195415,0.38425
1.30864,0.198826,0.383772
1.30864,0.202237,0.383316
1.30864,0.205647,0.382876
1.30864,0.209058,0.382449
1.30864,0.212469,0.38203
1.30864,0.215879,0.381617
1.30864,0.21929,0.381205
1.30864,0.222701,0.380791
1.30864,0.226111,0.380373
1.30864,0.229522,0.379947
1.30864,0.232933,0.379511
1.30864,0.236343,0.379064
1.30864,0.239754,0.378603
1.30864,0.243165,0.378127
1.30864,0.246575,0.377636
1.32639,0.0794521,0.437093
1.32639,0.0828627,0.435468
1.32639,0.0862734,0.433763
1.32639,0.0896841,0.431982
1.32639,0.0930948,0.430134
1.32639,0.0965055,0.428229
1.32639,0.0999161,0.426276
1.32639,0.103327,0.424287
1.32639,0.106737,0.422275
1.32639,0.110148,0.420253
1.32639,0.113559,0.418235
1.32639,0.11697,0.416233
1.32639,0.12038,0.414261
1.32639,0.123791,0.41233
1.32639,0.127202,0.410452
1.32639,0.130612,0.408635
1.32639,0.134023,0.406889
1.32639,0.137434,0.405219
1.32639,0.140844,0.403631
1.32639,0.144255,0.402128
1.32639,0.147666,0.400712
1.32639,0.151076,0.399383
1.32639,0.154487,0.39814
1.32639,0.157898,0.396981
1.32639,0.161308,0.395905
1.32639,0.164719,0.394906
1.32639,0.16813,0.393982
1.32639,0.17154,0.393127
1.32639,0.174951,0.392337
1.32639,0.178362,0.391606
1.32639,0.181772,0.390929
1.32639,0.185183,0.390302
1.32639,0.188594,0.389719
1.32639,0.192004,0.389174
1.32639,0.195415,0.388664
1.32639,0.198826,0.388183
1.32639,0.202237,0.387726
1.32639,0.205647,0.38729
1.32639,0.209058,0.386869
1.32639,0.212469,0.38646
1.32639,0.215879,0.386058
1.32639,0.21929,0.38566
1.32639,0.222701,0.385262
1.32639,0.226111,0.384861
1.32639,0.229522,0.384453
1.32639,0.232933,0.384035
1.32639,0.236343,0.383605
1.32639,0.239754,0.38316
1.32639,0.243165,0.382697
1.32639,0.246575,0.382215
1.34413,0.0794521,0.446602
1.34413,0.0828627,0.444745
1.34413,0.0862734,0.442799
1.34413,0.0896841,0.440773
1.34413,0.0930948,0.438676
1.34413,0.0965055,0.436517
1.34413,0.0999161,0.434311
1.34413,0.103327,0.43207
1.34413,0.106737,0.429809
1.34413,0.110148,0.427543
1.34413,0.113559,0.425286
1.34413,0.11697,0.423054
1.34413,0.12038,0.420861
1.34413,0.123791,0.41872
1.34413,0.127202,0.416642
1.34413,0.130612,0.414638
1.34413,0.134023,0.412717
1.34413,0.137434,0.410884
1.34413,0.140844,0.409146
1.34413,0.144255,0.407504
1.34413,0.147666,0.405961
1.34413,0.151076,0.404517
1.34413,0.154487,0.403171
1.34413,0.157898,0.401919
1.34413,0.161308,0.40076
1.34413,0.164719,0.399688
1.34413,0.16813,0.398699
1.34413,0.17154,0.397788
1.34413,0.174951,0.39695
1.34413,0.178362,0.396178
1.34413,0.181772,0.395469
1.34413,0.185183,0.394815
1.34413,0.188594,0.394212
1.34413,0.192004,0.393654
1.34413,0.195415,0.393136
1.34413,0.198826,0.392653
1.34413,0.202237,0.3922
1.34413,0.205647,0.391772
1.34413,0.209058,0.391366
1.34413,0.212469,0.390976
1.34413,0.215879,0.390599
1.34413,0.21929,0.39023
1.34413,0.222701,0.389866
1.34413,0.226111,0.389503
1.34413,0.229522,0.389138
1.34413,0.232933,0.388767
1.34413,0.236343,0.388387
1.34413,0.239754,0.387995
1.34413,0.243165,0.387587
1.34413,0.246575,0.387161
1.36188,0.0794521,0.456776
1.36188,0.0828627,0.454708
1.36188,0.0862734,0.452543
1.36188,0.0896841,0.450289
1.36188,0.0930948,0.447955
1.36188,0.0965055,0.445555
1.36188,0.0999161,0.443102
1.36188,0.103327,0.44061
1.36188,0.106737,0.438097
1.36188,0.110148,0.435579
1.36188,0.113559,0.433072
1.36188,0.11697,0.430593
1.36188,0.12038,0.428158
1.36188,0.123791,0.425781
1.36188,0.127202,0.423476
1.36188,0.130612,0.421254
1.36188,0.134023,0.419123
1.36188,0.137434,0.417093
1.36188,0.140844,0.415167
1.36188,0.144255,0.413351
1.36188,0.147666,0.411645
1.36188,0.151076,0.410049
1.36188,0.154487,0.408563
1.36188,0.157898,0.407184
1.36188,0.161308,0.405908
1.36188,0.164719,0.404731
1.36188,0.16813,0.403648
1.36188,0.17154,0.402652
1.36188,0.174951,0.40174
1.36188,0.178362,0.400903
1.36188,0.181772,0.400138
1.36188,0.185183,0.399437
1.36188,0.188594,0.398794
1.36188,0.192004,0.398205
1.36188,0.195415,0.397664
1.36188,0.198826,0.397165
1.36188,0.202237,0.396703
1.36188,0.205647,0.396274
1.36188,0.209058,0.395873
1.36188,0.212469,0.395496
1.36188,0.215879,0.395138
1.36188,0.21929,0.394795
1.36188,0.222701,0.394464
1.36188,0.226111,0.394142
1.36188,0.229522,0.393823
1.36188,0.232933,0.393506
1.36188,0.236343,0.393186
1.36188,0.239754,0.392861
1.36188,0.243165,0.392527
1.36188,0.246575,0.392181
1.37962,0.0794521,0.469141
1.37962,0.0828627,0.46689
1.37962,0.0862734,0.464525
1.37962,0.0896841,0.462055
1.37962,0.0930948,0.45949
1.37962,0.0965055,0.456843
1.37962,0.0999161,0.454129
1.37962,0.103327,0.451363
1.37962,0.106737,0.448564
1.37962,0.110148,0.445749
1.37962,0.113559,0.442937
1.37962,0.11697,0.440147
1.37962,0.12038,0.437397
1.37962,0.123791,0.434705
1.37962,0.127202,0.432085
1.37962,0.130612,0.429551
1.37962,0.134023,0.427116
1.37962,0.137434,0.424789
1.37962,0.140844,0.422576
1.37962,0.144255,0.420485
1.37962,0.147666,0.418516
1.37962,0.151076,0.416672
1.37962,0.154487,0.414952
1.37962,0.157898,0.413354
1.37962,0.161308,0.411875
1.37962,0.164719,0.410509
1.37962,0.16813,0.409253
1.37962,0.17154,0.408099
1.37962,0.174951,0.407043
1.37962,0.178362,0.406077
1.37962,0.181772,0.405195
1.37962,0.185183,0.40439
1.37962,0.188594,0.403657
1.37962,0.192004,0.402989
1.37962,0.195415,0.402379
1.37962,0.198826,0.401823
1.37962,0.202237,0.401314
1.37962,0.205647,0.400848
1.37962,0.209058,0.400419
1.37962,0.212469,0.400024
1.37962,0.215879,0.399656
1.37962,0.21929,0.399314
1.37962,0.222701,0.398991
1.37962,0.226111,0.398686
1.37962,0.229522,0.398393
1.37962,0.232933,0.39811
1.37962,0.236343,0.397834
1.37962,0.239754,0.397561
1.37962,0.243165,0.397289
1.37962,0.246575,0.397014
1.39737,0.0794521,0.485585
1.39737,0.0828627,0.483228
1.39737,0.0862734,0.480735
1.39737,0.0896841,0.478109
1.39737,0.0930948,0.475361
1.39737,0.0965055,0.472499
1.39737,0.0999161,0.469539
1.39737,0.103327,0.466494
1.39737,0.106737,0.463384
1.39737,0.110148,0.460226
1.39737,0.113559,0.457043
1.39737,0.11697,0.453854
1.39737,0.12038,0.45068
1.39737,0.123791,0.447544
1.39737,0.127202,0.444465
1.39737,0.130612,0.441461
1.39737,0.134023,0.438548
1.39737,0.137434,0.435742
1.39737,0.140844,0.433054
1.39737,0.144255,0.430493
1.39737,0.147666,0.428067
1.39737,0.151076,0.42578
1.39737,0.154487,0.423634
1.39737,0.157898,0.421629
1.39737,0.161308,0.419764
1.39737,0.164719,0.418036
1.39737,0.16813,0.41644
1.39737,0.17154,0.41497
1.39737,0.174951,0.413621
1.39737,0.178362,0.412385
1.39737,0.181772,0.411257
1.39737,0.185183,0.410227
1.39737,0.188594,0.40929
1.39737,0.192004,0.408437
1.39737,0.195415,0.407663
1.39737,0.198826,0.406959
1.39737,0.202237,0.406321
1.39737,0.205647,0.40574
1.39737,0.209058,0.405213
1.39737,0.212469,0.404732
1.39737,0.215879,0.404294
1.39737,0.21929,0.403893
1.39737,0.222701,0.403525
1.39737,0.226111,0.403186
1.39737,0.229522,0.402871
1.39737,0.232933,0.402577
1.39737,0.236343,0.4023
1.39737,0.239754,0.402038
1.39737,0.243165,0.401787
1.39737,0.246575,0.401543
1.41511,0.0794521,0.505835
1.41511,0.0828627,0.503607
1.41511,0.0862734,0.50122
1.41511,0.0896841,0.498672
1.41511,0.0930948,0.495967
1.41511,0.0965055,0.493108
1.41511,0.0999161,0.490104
1.41511,0.103327,0.486965
1.41511,0.106737,0.483703
1.41511,0.110148,0.480335
1.41511,0.113559,0.476879
1.41511,0.11697,0.473355
1.41511,0.12038,0.469785
1.41511,0.123791,0.466193
1.41511,0.127202,0.462604
1.41511,0.130612,0.459039
1.41511,0.134023,0.455524
1.41511,0.137434,0.45208
1.41511,0.140844,0.448727
1.41511,0.144255,0.445483
1.41511,0.147666,0.442364
1.41511,0.151076,0.439381
1.41511,0.154487,0.436545
1.41511,0.157898,0.433862
1.41511,0.161308,0.431338
1.41511,0.164719,0.428973
1.41511,0.16813,0.426767
1.41511,0.17154,0.424718
1.41511,0.174951,0.422822
1.41511,0.178362,0.421073
1.41511,0.181772,0.419465
1.41511,0.185183,0.417991
1.41511,0.188594,0.416643
1.41511,0.192004,0.415413
1.41511,0.195415,0.414293
1.41511,0.198826,0.413275
1.41511,0.202237,0.412351
1.41511,0.205647,0.411513
1.41511,0.209058,0.410753
1.41511,0.212469,0.410065
1.41511,0.215879,0.409443
1.41511,0.21929,0.408879
1.41511,0.222701,0.408367
1.41511,0.226111,0.407903
1.41511,0.229522,0.407482
1.41511,0.232933,0.407097
1.41511,0.236343,0.406746
1.41511,0.239754,0.406424
1.41511,0.243165,0.406126
1.41511,0.246575,0.40585
1.43285,0.0794521,0.525929
1.43285,0.0828627,0.524148
1.43285,0.0862734,0.52221
1.43285,0.0896841,0.52011
1.43285,0.0930948,0.517841
1.43285,0.0965055,0.5154
1.43285,0.0999161,0.512784
1.43285,0.103327,0.509994
1.43285,0.106737,0.507032
1.43285,0.110148,0.503904
1.43285,0.113559,0.500616
1.43285,0.11697,0.497182
1.43285,0.12038,0.493615
1.43285,0.123791,0.489933
1.43285,0.127202,0.486155
1.43285,0.130612,0.482305
1.43285,0.134023,0.478406
1.43285,0.137434,0.474485
1.43285,0.140844,0.470567
1.43285,0.144255,0.466678
1.43285,0.147666,0.462844
1.43285,0.151076,0.459089
1.43285,0.154487,0.455435
1.43285,0.157898,0.4519
1.43285,0.161308,0.448502
1.43285,0.164719,0.445254
1.43285,0.16813,0.442167
1.43285,0.17154,0.439249
1.43285,0.174951,0.436502
1.43285,0.178362,0.43393
1.43285,0.181772,0.431532
1.43285,0.185183,0.429306
1.43285,0.188594,0.427245
1.43285,0.192004,0.425346
1.43285,0.195415,0.4236
1.43285,0.198826,0.422
1.43285,0.202237,0.420538
1.43285,0.205647,0.419204
1.43285,0.209058,0.417991
1.43285,0.212469,0.416888
1.43285,0.215879,0.415888
1.43285,0.21929,0.414982
1.43285,0.222701,0.414162
1.43285,0.226111,0.413421
1.43285,0.229522,0.412751
1.43285,0.232933,0.412145
1.43285,0.236343,0.411597
1.43285,0.239754,0.411102
1.43285,0.243165,0.410654
1.43285,0.246575,0.410247
1.4506,0.0794521,0.541699
1.4506,0.0828627,0.540502
1.4506,0.0862734,0.539185
1.4506,0.0896841,0.537737
1.4506,0.0930948,0.536149
1.4506,0.0965055,0.534412
1.4506,0.0999161,0.532518
1.4506,0.103327,0.530458
1.4506,0.106737,0.528227
1.4506,0.110148,0.525817
1.4506,0.113559,0.523225
1.4506,0.11697,0.52045
1.4506,0.12038,0.517491
1.4506,0.123791,0.514351
1.4506,0.127202,0.511037
1.4506,0.130612,0.507557
1.4506,0.134023,0.503923
1.4506,0.137434,0.500152
1.4506,0.140844,0.496262
1.4506,0.144255,0.492273
1.4506,0.147666,0.488211
1.4506,0.151076,0.484102
1.4506,0.154487,0.479971
1.4506,0.157898,0.475847
1.4506,0.161308,0.471757
1.4506,0.164719,0.467728
1.4506,0.16813,0.463784
1.4506,0.17154,0.459949
1.4506,0.174951,0.456242
1.4506,0.178362,0.452681
1.4506,0.181772,0.44928
1.4506,0.185183,0.446049
1.4506,0.188594,0.442996
1.4506,0.192004,0.440125
1.4506,0.195415,0.437438
1.4506,0.198826,0.434933
1.4506,0.202237,0.432609
1.4506,0.205647,0.43046
1.4506,0.209058,0.428479
1.4506,0.212469,0.42666
1.4506,0.215879,0.424993
1.4506,0.21929,0.42347
1.4506,0.222701,0.422082
1.4506,0.226111,0.420819
1.4506,0.229522,0.419673
1.4506,0.232933,0.418634
1.4506,0.236343,0.417693
1.4506,0.239754,0.416842
1.4506,0.243165,0.416074
1.4506,0.246575,0.41538
1.46834,0.0794521,0.552365
1.46834,0.0828627,0.55166
1.46834,0.0862734,0.550876
1.46834,0.0896841,0.550006
1.46834,0.0930948,0.549043
1.46834,0.0965055,0.547976
1.46834,0.0999161,0.546799
1.46834,0.103327,0.5455
1.46834,0.106737,0.544072
1.46834,0.110148,0.542504
1.46834,0.113559,0.540787
1.46834,0.11697,0.538912
1.46834,0.12038,0.53687
1.46834,0.123791,0.534655
1.46834,0.127202,0.532258
1.46834,0.130612,0.529676
1.46834,0.134023,0.526906
1.46834,0.137434,0.523946
1.46834,0.140844,0.520799
1.46834,0.144255,0.517468
1.46834,0.147666,0.513963
1.46834,0.151076,0.510293
1.46834,0.154487,0.506474
1.46834,0.157898,0.502524
1.46834,0.161308,0.498463
1.46834,0.164719,0.494314
1.46834,0.16813,0.490104
1.46834,0.17154,0.48586
1.46834,0.174951,0.48161
1.46834,0.178362,0.477382
1.46834,0.181772,0.473205
1.46834,0.185183,0.469104
1.46834,0.188594,0.465105
1.46834,0.192004,0.461229
1.46834,0.195415,0.457495
1.46834,0.198826,0.45392
1.46834,0.202237,0.450515
1.46834,0.205647,0.447291
1.46834,0.209058,0.444252
1.46834,0.212469,0.441402
1.46834,0.215879,0.438741
1.46834,0.21929,0.436267
1.46834,0.222701,0.433976
1.46834,0.226111,0.431861
1.46834,0.229522,0.429916
1.46834,0.232933,0.428132
1.46834,0.236343,0.4265
1.46834,0.239754,0.425012
1.46834,0.243165,0.423657
1.46834,0.246575,0.422426
1.48609,0.0794521,0.559399
1.48609,0.0828627,0.559015
1.48609,0.0862734,0.558587
1.48609,0.0896841,0.55811
1.48609,0.0930948,0.557577
1.48609,0.0965055,0.556984
1.48609,0.0999161,0.556324
1.48609,0.103327,0.555589
1.48609,0.106737,0.554773
1.48609,0.110148,0.553869
1.48609,0.113559,0.552866
1.48609,0.11697,0.551758
1.48609,0.12038,0.550534
1.48609,0.123791,0.549185
1.48609,0.127202,0.547702
1.48609,0.130612,0.546074
1.48609,0.134023,0.544293
1.48609,0.137434,0.542349
1.48609,0.140844,0.540234
1.48609,0.144255,0.53794
1.48609,0.147666,0.535461
1.48609,0.151076,0.532792
1.48609,0.154487,0.529931
1.48609,0.157898,0.526877
1.48609,0.161308,0.523633
1.48609,0.164719,0.520204
1.48609,0.16813,0.516598
1.48609,0.17154,0.512829
1.48609,0.174951,0.508911
1.48609,0.178362,0.504862
1.48609,0.181772,0.500706
1.48609,0.185183,0.496467
1.48609,0.188594,0.49217
1.48609,0.192004,0.487844
1.48609,0.195415,0.483519
1.48609,0.198826,0.479222
1.48609,0.202237,0.474983
1.48609,0.205647,0.470827
1.48609,0.209058,0.466779
1.48609,0.212469,0.462861
1.48609,0.215879,0.459091
1.48609,0.21929,0.455486
1.48609,0.222701,0.452057
1.48609,0.226111,0.448812
1.48609,0.229522,0.445758
1.48609,0.232933,0.442896
1.48609,0.236343,0.440227
1.48609,0.239754,0.437747
1.48609,0.243165,0.435452
1.48609,0.246575,0.433336
1.50383,0.0794521,0.564368
1.50383,0.0828627,0.564171
1.50383,0.0862734,0.56395
1.50383,0.0896841,0.563702
1.50383,0.0930948,0.563425
1.50383,0.0965055,0.563116
1.50383,0.0999161,0.562769
1.50383,0.103327,0.562383
1.50383,0.106737,0.561951
1.50383,0.110148,0.561469
1.50383,0.113559,0.560931
1.50383,0.11697,0.560332
1.50383,0.12038,0.559665
1.50383,0.123791,0.558924
1.50383,0.127202,0.558101
1.50383,0.130612,0.557187
1.50383,0.134023,0.556175
1.50383,0.137434,0.555056
1.50383,0.140844,0.55382
1.50383,0.144255,0.552457
1.50383,0.147666,0.550959
1.50383,0.151076,0.549315
1.50383,0.154487,0.547515
1.50383,0.157898,0.545551
1.50383,0.161308,0.543413
1.50383,0.164719,0.541095
1.50383,0.16813,0.538588
1.50383,0.17154,0.535889
1.50383,0.174951,0.532995
1.50383,0.178362,0.529906
1.50383,0.181772,0.526623
1.50383,0.185183,0.523152
1.50383,0.188594,0.519502
1.50383,0.192004,0.515684
1.50383,0.195415,0.511715
1.50383,0.198826,0.507612
1.50383,0.202237,0.503399
1.50383,0.205647,0.4991
1.50383,0.209058,0.494742
1.50383,0.212469,0.490353
1.50383,0.215879,0.485962
1.50383,0.21929,0.4816
1.50383,0.222701,0.477293
1.50383,0.226111,0.473071
1.50383,0.229522,0.468957
1.50383,0.232933,0.464973
1.50383,0.236343,0.46114
1.50383,0.239754,0.457472
1.50383,0.243165,0.453983
1.50383,0.246575,0.450681
1.52158,0.0794521,0.568226
1.52158,0.0828627,0.568128
1.52158,0.0862734,0.568018
1.52158,0.0896841,0.567895
1.52158,0.0930948,0.567758
1.52158,0.0965055,0.567603
1.52158,0.0999161,0.56743
1.52158,0.103327,0.567237
1.52158,0.106737,0.56702
1.52158,0.110148,0.566777
1.52158,0.113559,0.566505
1.52158,0.11697,0.566201
1.52158,0.12038,0.565861
1.52158,0.123791,0.565482
1.52158,0.127202,0.565057
1.52158,0.130612,0.564584
1.52158,0.134023,0.564056
1.52158,0.137434,0.563468
1.52158,0.140844,0.562812
1.52158,0.144255,0.562083
1.52158,0.147666,0.561274
1.52158,0.151076,0.560375
1.52158,0.154487,0.559379
1.52158,0.157898,0.558276
1.52158,0.161308,0.557058
1.52158,0.164719,0.555716
1.52158,0.16813,0.554238
1.52158,0.17154,0.552615
1.52158,0.174951,0.550837
1.52158,0.178362,0.548895
1.52158,0.181772,0.546779
1.52158,0.185183,0.544482
1.52158,0.188594,0.541997
1.52158,0.192004,0.539318
1.52158,0.195415,0.536441
1.52158,0.198826,0.533366
1.52158,0.202237,0.530093
1.52158,0.205647,0.526629
1.52158,0.209058,0.522979
1.52158,0.212469,0.519156
1.52158,0.215879,0.515174
1.52158,0.21929,0.511051
1.52158,0.222701,0.506809
1.52158,0.226111,0.502472
1.52158,0.229522,0.498067
1.52158,0.232933,0.493622
1.52158,0.236343,0.489167
1.52158,0.239754,0.484732
1.52158,0.243165,0.480345
1.52158,0.246575,0.476035
